date,count,count2,count3
10/25/2003,26,26,2
07/25/2001,17,15,5
04/29/2003,18,25,1
01/02/2005,10,11,16
10/28/2007,8,3,25
07/08/2000,18,6,14
09/13/2001,6,12,17
09/24/2012,7,16,14
11/18/2011,1,8,9
04/05/2012,3,20,29
12/11/2002,19,8,30
10/26/2008,1,12,7
09/05/2003,25,25,10
12/12/2010,23,11,7
12/17/2007,8,13,23
09/25/2009,19,10,30
05/24/2001,13,18,16
05/23/2013,19,29,22
08/22/2000,18,11,15
10/13/2010,10,3,3
03/30/2006,29,15,30
02/07/2014,20,17,12
08/15/2008,27,10,26
02/23/2008,2,17,2
05/29/2012,18,6,10
02/10/2002,3,14,4
06/09/2004,14,14,18
12/30/2010,3,2,4
11/08/2006,26,6,24
08/20/2008,10,24,6
04/21/2006,30,16,3
05/01/2009,24,29,17
12/26/2008,23,20,8
10/31/2003,20,21,8
01/25/2007,6,10,18
04/19/2000,24,2,11
12/21/2007,18,4,9
11/25/2012,22,13,22
01/22/2004,12,30,19
04/09/2005,11,18,26
06/04/2000,7,26,15
01/26/2009,21,29,26
04/26/2000,25,30,23
06/28/2008,18,26,22
11/25/2007,9,23,7
12/28/2001,22,18,22
12/08/2007,14,19,11
03/23/2007,26,1,11
02/23/2014,22,11,27
01/18/2002,14,4,24
10/20/2013,5,14,8
02/10/2007,17,2,24
09/12/2002,6,22,28
05/05/2001,18,14,4
12/15/2000,26,1,24
05/22/2012,21,7,5
01/10/2008,20,16,8
02/05/2013,20,8,18
06/20/2003,27,28,20
07/23/2000,18,7,2
05/11/2010,29,12,1
12/31/2009,21,8,10
12/25/2004,12,11,3
12/09/2003,4,17,2
12/03/2004,2,9,7
06/03/2005,13,3,8
10/05/2008,22,29,21
02/02/2003,29,26,5
10/24/2012,28,8,9
06/07/2009,5,8,29
05/11/2007,1,16,16
03/14/2005,1,3,12
05/17/2008,19,13,25
06/28/2005,19,9,6
07/22/2002,26,16,9
03/23/2004,22,15,4
04/15/2008,28,25,8
02/21/2009,20,3,9
09/30/2005,22,10,14
03/20/2008,9,4,25
04/02/2009,9,8,19
07/03/2003,10,13,12
03/27/2006,7,15,17
01/18/2008,15,16,10
01/01/2014,3,22,8
07/25/2009,7,29,25
02/02/2014,13,1,18
01/30/2012,22,28,24
12/31/2010,2,12,23
08/22/2009,2,2,27
06/17/2001,1,28,26
12/20/2000,6,10,6
12/02/2004,17,4,19
04/26/2001,12,3,19
12/08/2003,15,28,11
05/22/2004,26,9,7
01/06/2012,12,18,15
10/26/2006,12,29,12
02/18/2004,7,6,11
09/12/2008,5,17,21
12/31/2009,8,20,23
09/23/2000,17,17,16
03/03/2014,30,25,27
08/04/2011,14,15,22
01/09/2005,28,8,12
11/27/2009,5,22,15
07/31/2013,9,25,2
04/29/2009,11,2,5
01/09/2002,25,5,27
04/01/2003,28,3,30
08/19/2002,21,29,19
06/25/2001,30,22,7
04/18/2013,11,25,26
01/28/2011,1,28,25
11/14/2004,1,26,13
07/15/2008,20,19,19
08/15/2010,12,20,17
04/06/2005,30,4,1
10/07/2012,28,14,1
02/27/2001,6,10,21
08/14/2004,12,2,19
10/19/2011,28,24,23
07/31/2008,3,15,21
04/10/2000,30,6,28
09/01/2000,26,3,21
02/28/2003,7,24,24
10/14/2000,17,20,21
11/12/2011,25,5,27
10/19/2001,16,9,30
11/04/2005,27,1,13
04/30/2008,3,15,19
02/15/2007,8,6,29
04/16/2008,22,29,26
07/26/2006,24,27,12
10/26/2012,5,11,28
09/18/2012,16,14,3
04/10/2002,16,15,25
10/23/2001,14,29,9
11/01/2008,6,26,14
04/27/2008,1,15,21
02/25/2003,14,5,21
06/26/2002,4,6,4
08/20/2011,4,24,13
04/11/2011,2,28,17
04/26/2009,14,4,14
01/23/2003,8,24,10
08/24/2010,29,30,9
07/24/2013,11,11,8
06/24/2006,16,8,20
01/29/2012,13,25,22
03/16/2011,27,29,30
05/25/2004,23,9,3
11/17/2008,15,20,14
05/05/2005,14,9,22
06/05/2001,6,11,18
02/01/2002,16,28,1
03/16/2008,10,1,5
05/26/2004,30,21,20
08/12/2006,2,12,21
10/13/2003,14,13,15
12/01/2009,30,30,20
11/19/2000,15,9,10
04/06/2007,3,30,23
12/13/2002,7,14,16
12/22/2012,3,24,6
01/03/2003,14,14,7
09/16/2012,22,10,21
01/10/2009,19,16,22
02/06/2012,11,12,28
01/04/2008,11,13,11
10/23/2000,4,25,3
03/31/2007,3,29,2
07/30/2008,9,13,1
06/03/2011,23,5,10
11/02/2008,17,1,4
04/15/2011,25,13,8
11/07/2008,21,9,11
03/26/2001,2,5,1
09/28/2004,26,15,6
03/31/2008,27,1,4
02/17/2006,7,3,24
07/16/2005,23,9,5
06/03/2005,26,28,28
12/08/2002,7,15,11
11/23/2010,11,20,12
05/06/2004,9,16,13
01/17/2005,13,17,9
06/19/2004,8,29,14
11/25/2009,27,23,25
06/10/2012,13,25,5
11/11/2011,30,24,18
06/14/2006,3,7,8
08/27/2011,7,16,21
11/10/2012,23,16,11
08/09/2004,10,22,22
08/02/2007,13,21,27
03/07/2012,27,22,13
04/28/2005,14,30,7
06/28/2006,3,5,6
08/26/2013,29,21,25
06/23/2002,10,3,30
08/30/2012,24,15,14
11/07/2004,2,19,18
03/19/2006,27,5,29
03/28/2006,7,17,13
09/23/2011,6,14,29
03/18/2008,26,28,18
01/03/2013,27,23,17
12/21/2013,9,3,18
02/18/2005,11,12,24
08/20/2003,3,26,20
12/06/2009,7,18,17
09/20/2001,5,17,28
08/12/2011,18,15,1
04/15/2002,12,25,29
11/20/2008,19,4,9
10/07/2009,18,20,21
11/13/2012,2,21,25
09/26/2001,9,16,16
05/09/2007,6,25,30
07/16/2007,18,11,24
07/08/2012,3,1,18
06/30/2013,29,19,7
07/10/2000,24,13,29
05/01/2007,16,25,12
09/27/2003,15,1,26
11/12/2003,14,4,9
01/09/2002,7,4,5
09/06/2001,18,17,25
03/12/2011,21,6,11
03/20/2007,29,3,30
08/22/2011,16,7,30
01/28/2007,28,4,24
08/23/2007,29,14,7
07/28/2004,16,4,12
03/01/2014,11,12,3
07/01/2001,25,3,22
07/01/2008,16,25,2
11/19/2011,6,13,28
06/27/2003,8,23,11
11/14/2003,15,24,24
02/21/2013,1,20,3
09/01/2007,22,30,25
05/04/2007,25,22,16
08/04/2007,11,8,4
02/10/2013,1,1,9
02/24/2005,14,18,16
02/27/2002,30,21,30
11/04/2001,22,6,6
10/17/2011,1,18,21
12/24/2011,17,8,23
02/18/2011,9,13,19
01/21/2012,21,28,30
12/03/2003,21,8,29
02/13/2002,6,10,7
12/17/2004,23,16,11
07/03/2012,9,19,16
01/09/2012,14,12,27
11/13/2011,1,9,14
10/22/2005,18,29,24
05/11/2006,20,13,13
09/14/2002,5,29,20
09/02/2010,13,6,10
04/05/2002,25,5,24
03/17/2004,12,15,10
08/08/2009,1,28,6
05/06/2005,7,24,22
02/15/2005,29,17,19
04/20/2000,28,23,12
02/28/2002,26,4,30
01/12/2003,7,24,28
03/16/2002,14,11,4
03/04/2008,9,11,5
02/04/2009,19,24,4
10/23/2003,5,16,29
05/04/2002,23,21,10
04/19/2006,29,28,11
01/24/2014,24,12,26
12/18/2013,30,19,22
07/08/2009,4,11,23
06/23/2008,12,26,19
06/23/2007,25,21,7
07/16/2011,6,19,23
12/07/2000,15,19,4
03/08/2000,28,23,6
07/24/2006,14,26,23
11/26/2000,19,30,23
11/18/2012,7,12,22
08/09/2012,25,28,27
05/29/2010,2,26,10
12/05/2003,28,25,22
01/30/2008,15,6,11
07/01/2008,7,13,25
04/30/2006,10,19,20
08/24/2008,8,6,1
06/15/2003,16,6,1
01/08/2013,11,7,19
04/06/2010,27,13,9
08/22/2005,25,17,16
03/27/2008,12,1,2
04/02/2004,12,14,14
05/27/2013,11,15,26
11/08/2008,17,4,13
08/28/2004,18,17,20
11/30/2000,19,20,15
08/16/2007,3,30,4
10/12/2007,25,9,29
02/03/2001,22,2,8
12/01/2004,25,30,3
09/23/2000,17,30,15
12/22/2000,19,27,5
07/10/2008,16,16,24
03/30/2005,13,15,4
06/19/2012,5,27,6
12/02/2001,20,20,11
02/28/2013,30,10,22
10/12/2009,12,11,5
12/06/2013,27,17,14
04/15/2002,2,13,17
03/01/2001,7,5,30
09/29/2002,27,7,1
08/06/2013,12,23,1
09/15/2010,12,14,15
03/16/2008,25,1,7
12/11/2010,2,25,11
03/11/2010,4,24,9
08/31/2003,2,1,25
04/19/2000,30,20,18
02/04/2013,18,8,17
03/27/2014,14,7,29
01/29/2004,7,16,6
09/16/2010,26,21,24
02/12/2005,30,18,29
01/29/2002,9,1,12
04/02/2001,16,21,18
11/13/2005,11,28,5
06/27/2011,23,18,16
07/08/2012,25,1,12
04/10/2010,22,8,17
09/27/2008,22,22,12
09/28/2009,30,3,15
08/23/2005,24,8,6
08/12/2006,28,7,10
11/24/2006,11,30,25
12/05/2006,28,5,25
10/05/2000,13,28,8
03/02/2010,4,7,14
02/03/2009,13,22,5
03/18/2002,19,7,11
07/02/2005,13,21,10
03/23/2008,6,22,13
02/11/2006,9,13,19
01/15/2001,25,30,27
05/16/2002,26,17,14
10/19/2008,20,4,2
05/03/2001,2,1,10
09/18/2003,23,6,29
05/06/2005,24,15,3
02/07/2000,1,6,22
02/07/2009,27,24,12
02/09/2001,5,11,6
11/02/2004,13,21,5
03/10/2000,11,18,28
04/09/2008,22,11,12
11/10/2002,16,29,4
12/08/2003,14,25,11
07/28/2006,18,27,14
09/04/2012,17,16,24
09/13/2007,16,1,7
08/26/2008,28,10,29
09/01/2000,8,20,22
03/17/2000,20,4,19
06/24/2009,8,21,10
07/04/2011,17,16,19
12/09/2010,26,21,23
08/22/2000,11,16,13
03/30/2000,13,27,20
12/14/2006,22,16,7
03/04/2004,20,1,18
12/20/2002,15,28,10
09/14/2010,3,14,29
12/10/2006,24,10,20
06/09/2011,11,19,4
06/19/2012,4,2,11
11/22/2010,7,3,26
04/20/2007,18,17,17
09/02/2004,18,1,17
02/26/2005,7,3,9
02/04/2005,24,2,16
06/18/2010,28,11,21
05/31/2008,12,12,20
07/12/2003,26,16,8
07/14/2011,6,20,8
05/01/2012,19,21,4
08/21/2013,18,19,27
01/11/2006,7,21,13
12/06/2004,20,8,19
10/19/2003,20,28,19
02/19/2006,23,23,28
06/01/2012,14,8,23
03/09/2005,8,23,13
05/24/2001,16,14,5
02/18/2011,3,1,11
03/14/2013,3,30,2
11/11/2003,30,12,18
03/26/2003,13,2,23
10/05/2008,17,6,4
02/28/2012,28,28,8
11/05/2000,14,11,7
10/20/2006,12,28,27
04/10/2002,5,7,12
08/04/2010,30,19,26
08/01/2009,18,11,27
09/17/2004,16,30,11
07/10/2007,22,3,27
08/11/2004,9,13,5
03/27/2010,11,26,25
06/09/2013,3,16,17
05/17/2009,8,23,27
04/16/2002,4,28,2
10/22/2001,16,2,30
02/09/2010,29,14,12
11/12/2004,8,26,9
06/17/2002,15,22,11
03/13/2002,27,19,25
07/18/2004,4,10,12
06/29/2011,28,17,6
06/19/2012,4,27,14
07/15/2011,22,26,2
06/09/2004,19,7,22
12/15/2006,20,7,6
07/15/2005,13,22,14
01/14/2007,8,26,6
07/24/2002,22,14,1
02/22/2002,9,1,5
12/25/2000,25,17,12
12/24/2004,29,18,29
03/13/2005,14,6,9
06/04/2005,7,22,18
01/11/2008,16,11,30
01/06/2005,24,8,9
12/07/2002,4,15,7
03/29/2009,7,7,16
01/18/2003,20,25,12
07/21/2006,20,30,24
12/22/2002,15,26,18
12/21/2004,15,5,17
03/30/2013,8,20,9
05/25/2004,12,14,7
10/16/2013,18,29,11
01/02/2008,17,21,25
11/25/2011,8,13,17
02/17/2009,21,16,21
03/18/2005,13,12,1
05/16/2010,10,1,3
09/02/2012,21,19,17
08/14/2002,25,13,27
07/07/2007,21,22,10
05/18/2010,23,27,28
01/02/2003,6,9,13
04/09/2009,2,11,14
02/20/2001,21,3,18
01/24/2000,1,14,24
08/01/2010,14,29,18
02/22/2000,23,21,22
08/12/2006,28,17,23
12/10/2004,17,27,5
11/02/2010,8,9,4
07/27/2003,17,17,12
04/21/2005,8,12,11
11/27/2004,3,5,8
02/03/2001,15,8,27
07/25/2004,22,27,30
07/15/2003,11,17,19
05/04/2008,25,23,17
10/15/2007,25,28,1
05/05/2014,13,1,20
08/09/2000,2,23,30
02/24/2013,9,28,9
10/09/2008,18,27,30
06/26/2010,10,30,6
03/22/2008,17,22,18
07/03/2001,28,22,30
01/29/2012,4,13,16
12/12/2002,26,25,6
08/31/2006,16,12,13
02/09/2002,11,26,21
03/01/2001,12,1,24
03/25/2010,24,8,24
09/18/2005,19,12,3
06/15/2004,15,22,19
08/13/2001,19,5,14
01/04/2004,21,5,13
08/15/2004,4,19,18
12/26/2008,4,21,8
11/05/2012,14,4,3
05/27/2006,28,5,13
09/09/2001,24,28,5
05/24/2006,24,27,21
09/07/2008,11,19,14
05/05/2011,7,13,21
11/10/2007,22,19,26
05/14/2009,9,3,19
12/18/2012,24,21,16
12/31/2011,5,26,6
07/21/2012,18,2,29
12/05/2001,12,11,29
08/31/2000,19,22,2
03/02/2012,8,3,22
04/11/2003,23,1,24
06/01/2001,18,14,8
03/08/2009,14,5,15
07/22/2009,24,18,4
12/30/2003,28,1,11
07/04/2006,7,4,21
12/29/2010,4,27,4
02/11/2012,30,11,29
03/30/2001,6,5,7
12/14/2004,17,12,19
11/09/2001,9,22,30
09/05/2012,23,4,21
12/30/2001,12,9,22
12/08/2004,3,20,1
08/21/2002,7,19,5
08/23/2004,22,9,6
03/18/2005,27,23,3
02/27/2012,4,1,26
02/07/2014,24,23,18
09/06/2009,30,15,15
03/08/2008,18,29,7
08/11/2005,18,1,16
11/16/2002,2,25,28
08/10/2008,29,24,3
04/02/2009,3,6,8
09/24/2001,6,30,7
04/29/2008,17,25,13
02/24/2003,25,27,30
04/05/2008,5,5,16
12/11/2003,29,28,14
04/29/2009,2,5,12
07/29/2003,28,14,14
02/22/2012,9,14,20
01/19/2014,8,28,3
07/12/2010,10,5,18
10/11/2009,23,29,17
06/08/2009,21,28,10
10/21/2003,3,2,2
08/21/2011,21,24,15
05/08/2012,19,19,2
06/04/2013,24,12,13
10/16/2004,12,4,23
07/18/2005,10,17,28
09/10/2001,22,16,14
06/12/2010,27,3,23
12/30/2002,29,7,28
05/07/2010,25,2,26
05/05/2004,15,17,30
04/06/2007,19,7,23
03/20/2004,1,18,9
06/12/2000,14,21,5
07/10/2004,18,16,25
07/05/2001,7,14,15
01/22/2008,14,1,14
10/29/2008,1,3,15
07/12/2007,13,17,3
02/04/2011,1,11,27
03/23/2008,14,29,11
12/06/2005,13,15,15
06/12/2004,30,18,7
09/09/2006,23,21,24
01/02/2010,22,29,19
04/05/2005,29,22,3
10/27/2010,3,12,29
04/09/2009,18,21,30
07/26/2002,5,6,19
02/19/2003,1,23,25
04/10/2010,20,3,14
05/09/2012,5,6,22
01/14/2011,22,22,9
07/12/2000,8,14,9
10/19/2002,14,27,21
03/06/2001,20,3,3
11/12/2007,26,18,7
01/26/2003,7,17,14
02/27/2009,19,27,15
03/24/2000,4,2,9
09/03/2012,7,10,16
12/20/2001,8,22,10
03/13/2008,20,4,13
09/25/2011,17,5,18
09/19/2000,27,14,3
02/06/2000,23,26,7
01/09/2012,11,21,11
11/17/2012,5,27,12
05/15/2006,18,12,21
07/23/2000,19,23,10
10/26/2010,9,5,18
10/26/2007,1,30,17
10/02/2004,24,21,2
06/03/2007,7,20,25
06/29/2003,21,30,19
08/06/2008,25,15,9
05/12/2011,11,5,23
06/28/2004,23,9,16
03/24/2013,28,18,18
01/20/2012,18,16,19
05/25/2006,16,25,12
09/06/2010,4,5,4
12/02/2005,18,27,1
01/07/2012,18,23,24
02/12/2006,22,27,3
02/25/2000,14,16,18
08/17/2004,19,10,16
04/24/2009,13,24,9
06/08/2004,9,17,26
12/01/2010,9,9,15
07/28/2002,14,6,16
10/19/2003,3,1,16
11/16/2009,23,29,1
09/06/2006,24,27,29
08/20/2002,27,22,25
11/16/2009,23,1,27
04/15/2000,5,9,1
04/30/2003,26,3,22
10/01/2008,14,22,21
07/01/2007,16,26,10
07/26/2012,24,17,28
07/11/2004,16,29,2
09/06/2008,1,26,27
06/24/2009,2,13,21
03/11/2009,21,4,30
07/29/2003,8,9,26
05/29/2011,13,28,27
08/02/2007,12,6,2
04/01/2013,27,22,21
09/28/2005,12,9,19
12/17/2003,29,16,22
10/22/2009,1,19,6
11/12/2003,15,30,9
05/22/2006,10,18,24
09/18/2001,25,8,2
08/13/2000,18,26,4
05/01/2007,3,29,12
03/19/2000,16,9,8
08/04/2010,6,22,7
11/05/2003,8,12,6
06/22/2010,20,12,6
11/11/2010,17,24,4
11/01/2011,8,25,21
04/17/2010,13,6,7
03/29/2003,27,21,19
11/17/2003,8,8,7
08/02/2006,18,19,2
07/28/2013,18,6,15
06/30/2010,13,17,21
09/04/2010,12,21,13
01/15/2003,23,5,7
04/02/2007,30,2,3
09/29/2001,20,15,25
05/29/2012,12,25,2
08/15/2012,8,17,12
04/27/2011,14,29,13
10/21/2010,17,16,6
06/27/2010,22,14,12
05/25/2008,22,26,9
08/16/2009,24,7,19
01/11/2003,12,9,19
02/19/2012,11,21,3
02/28/2005,5,14,1
08/25/2002,27,24,12
02/14/2009,1,2,24
07/18/2001,30,20,14
10/07/2001,21,9,19
10/05/2010,29,13,9
02/03/2005,1,13,10
02/03/2001,26,24,2
04/18/2006,26,16,6
01/17/2002,15,19,19
05/27/2002,23,4,1
01/31/2008,14,24,1
08/08/2006,23,23,12
09/22/2005,13,26,26
11/17/2010,9,2,14
08/06/2012,22,17,3
03/15/2012,29,15,29
11/29/2012,28,13,5
09/23/2000,9,16,28
06/04/2001,18,13,24
06/11/2003,25,30,14
08/16/2003,23,21,5
11/18/2000,1,8,22
08/01/2013,8,29,26
07/30/2009,17,11,6
01/26/2000,17,8,22
09/10/2010,14,23,17
02/20/2001,24,12,21
02/23/2000,29,30,28
11/24/2007,1,8,30
02/04/2001,7,16,19
05/13/2002,24,21,11
06/09/2004,9,20,14
05/06/2011,30,7,28
02/04/2005,25,2,10
05/24/2012,7,27,22
04/18/2006,29,25,24
12/10/2007,23,20,5
05/30/2009,3,20,30
10/26/2009,10,5,4
03/29/2000,10,14,15
03/02/2007,21,17,15
10/30/2000,21,25,17
01/08/2012,15,24,11
07/18/2011,2,11,13
04/22/2002,29,1,16
01/25/2010,2,23,4
09/01/2000,17,20,19
04/18/2005,7,5,2
09/15/2001,5,8,8
04/25/2006,18,6,30
12/30/2004,8,9,10
10/06/2009,7,22,5
07/10/2013,15,7,20
10/23/2005,11,19,25
02/18/2014,13,10,23
01/24/2011,14,29,8
08/11/2010,12,15,11
07/13/2003,1,27,26
10/26/2011,1,27,21
08/25/2010,21,14,30
05/26/2007,8,11,24
01/25/2014,23,4,30
06/13/2000,9,26,11
03/10/2011,21,4,18
01/21/2007,19,15,26
08/25/2002,26,6,8
03/01/2011,23,29,2
03/23/2005,15,8,15
10/18/2012,8,17,1
08/14/2013,7,7,22
08/06/2003,13,15,21
06/29/2001,8,23,18
05/17/2012,8,8,21
11/12/2006,6,20,24
05/30/2000,22,27,21
05/18/2003,18,21,8
08/11/2001,20,22,29
06/10/2007,28,29,26
03/04/2008,4,15,19
06/04/2000,13,18,23
03/04/2005,3,14,23
06/10/2007,28,25,16
04/24/2003,17,14,21
07/28/2003,20,15,14
03/13/2004,28,5,29
06/05/2009,27,22,12
06/11/2004,25,8,30
02/16/2005,21,9,15
11/14/2001,5,22,10
07/31/2002,15,15,22
04/11/2000,24,16,14
05/27/2003,4,29,24
12/13/2000,19,29,24
03/06/2009,3,20,24
01/31/2014,10,2,4
06/03/2012,21,3,27
01/21/2010,26,11,12
02/12/2010,1,4,9
04/25/2005,17,5,30
11/28/2012,11,27,24
11/03/2011,10,25,22
09/27/2013,10,2,25
04/30/2014,30,19,19
05/28/2006,22,2,7
04/23/2002,16,17,18
01/19/2011,28,23,27
04/13/2000,22,19,11
02/07/2005,24,24,6
05/05/2014,11,28,20
01/28/2010,2,13,21
03/28/2011,24,15,15
02/02/2010,23,2,13
01/16/2007,6,28,6
04/26/2009,8,8,3
04/22/2013,17,17,5
01/13/2007,18,26,4
10/11/2012,11,6,25
07/09/2005,24,23,5
09/10/2001,15,7,18
07/14/2011,24,29,21
01/08/2007,1,30,22
10/14/2010,20,21,28
03/13/2004,7,23,24
07/24/2009,7,9,20
09/14/2013,14,12,18
06/15/2005,25,14,2
09/19/2012,22,27,10
03/19/2007,21,9,7
06/14/2000,3,20,2
01/23/2002,6,17,30
08/23/2010,21,10,30
04/16/2010,13,21,29
11/11/2010,7,1,2
08/23/2001,3,11,20
06/22/2008,19,5,22
07/07/2004,12,1,22
09/25/2011,13,23,19
03/01/2013,18,26,23
08/28/2003,19,30,8
07/30/2002,7,2,29
09/26/2003,24,25,13
12/20/2001,9,16,20
07/21/2013,15,1,14
02/24/2000,6,14,13
03/20/2002,8,21,9
02/27/2013,13,17,28
02/22/2008,3,15,9
11/08/2003,18,21,4
04/01/2010,28,13,1
05/19/2004,30,23,26
04/28/2003,20,1,14
06/16/2000,11,5,20
04/09/2010,6,7,13
01/18/2000,18,29,12
10/28/2008,15,9,12
02/10/2009,25,12,8
03/26/2012,1,9,28
07/15/2009,9,29,18
11/10/2004,14,6,15
07/27/2012,25,25,23
02/22/2005,9,27,12
01/12/2005,9,13,16
12/16/2006,12,18,2
10/15/2009,10,24,8
11/28/2003,30,8,14
04/25/2000,18,14,6
09/24/2012,6,3,30
11/15/2001,22,29,24
11/09/2009,30,3,6
09/24/2005,11,24,14
01/14/2003,22,11,18
05/09/2001,23,25,11
07/21/2006,1,30,10
10/09/2002,28,1,15
01/24/2003,29,7,24
09/20/2000,25,9,15
08/30/2013,12,21,10
12/25/2000,18,15,27
12/19/2012,25,7,7
02/24/2013,18,22,11
09/19/2011,8,8,30
03/06/2008,1,14,9
01/02/2005,9,3,14
02/24/2008,29,22,15
08/06/2013,11,5,8
04/23/2012,28,18,18
02/07/2003,6,22,4
02/11/2001,22,3,27
09/19/2009,18,10,11
07/20/2002,4,14,6
04/16/2005,5,4,3
03/12/2013,27,6,2
01/30/2013,7,20,14
08/24/2003,5,1,14
12/23/2008,2,20,19
11/17/2007,18,27,12
03/12/2000,15,17,19
01/25/2004,22,4,26
04/08/2002,2,20,28
06/29/2006,16,25,3
10/24/2000,23,17,24
02/06/2011,2,5,15
01/15/2004,14,12,11
10/18/2006,3,25,10
02/06/2008,20,29,3
09/17/2000,27,13,3
02/13/2012,14,22,24
10/09/2008,27,27,23
02/07/2009,13,18,26
05/28/2008,7,21,19
09/16/2007,16,10,28
09/10/2010,2,24,25
03/24/2011,17,26,1
07/08/2000,24,9,1
12/20/2005,28,10,12
05/22/2013,25,17,23
05/01/2003,18,8,18
01/17/2011,26,2,4
11/18/2003,12,13,10
11/02/2001,27,19,27
03/30/2014,25,17,4
12/29/2010,2,11,26
10/19/2008,16,27,10
07/20/2006,21,21,25
03/11/2007,26,12,15
06/02/2004,27,11,28
09/27/2000,3,11,15
01/16/2002,21,18,30
12/23/2010,9,28,12
09/19/2009,24,30,23
07/27/2005,10,28,14
06/24/2010,15,18,8
01/03/2008,24,16,15
11/25/2003,17,23,23
07/11/2003,3,7,1
07/06/2007,17,24,18
10/21/2000,5,27,15
12/09/2011,23,14,24
08/08/2002,8,16,19
11/05/2011,4,12,27
01/22/2005,30,26,26
11/05/2002,24,7,12
02/14/2011,25,19,7
04/26/2013,18,29,5
06/01/2010,20,24,6
10/03/2011,2,18,15
12/02/2012,20,28,6
06/10/2005,22,27,20
01/01/2010,20,9,29
06/13/2002,18,6,28
02/08/2004,7,19,24
01/28/2002,11,12,16
05/04/2003,16,25,3
05/29/2002,6,16,16
12/24/2010,12,2,25
11/02/2002,30,4,10
06/02/2004,14,22,15
05/02/2010,20,17,7
05/02/2008,11,13,28
04/29/2013,24,2,13
09/30/2006,27,23,10
06/08/2013,1,13,21
05/04/2011,26,21,7
09/11/2012,6,5,11
06/17/2000,15,15,2
10/26/2000,20,17,30
04/20/2006,2,28,21
01/03/2010,19,27,8
08/17/2000,6,11,5
09/08/2011,30,14,14
03/21/2014,2,5,8
08/25/2008,13,15,17
07/30/2010,22,26,4
12/14/2008,1,9,11
03/10/2002,23,3,8
03/04/2002,17,27,2
02/07/2006,19,28,24
04/16/2008,10,23,7
01/21/2008,24,24,6
06/26/2005,10,10,27
10/18/2002,7,12,28
02/08/2002,10,11,21
12/13/2004,14,21,6
10/05/2003,29,14,17
03/02/2005,1,4,1
04/07/2009,24,7,7
06/14/2000,21,17,28
04/06/2012,13,28,6
02/05/2003,5,7,13
03/24/2003,7,2,13
11/04/2005,7,7,25
08/10/2006,1,5,13
05/27/2005,2,20,17
09/23/2011,13,29,20
09/11/2010,8,22,17
11/15/2011,16,24,23
09/16/2005,22,29,30
07/04/2002,6,3,11
07/19/2001,26,12,14
06/14/2005,3,9,23
04/05/2002,28,22,8
06/07/2007,12,25,27
12/18/2003,28,25,6
06/10/2007,21,19,30
01/13/2005,28,15,10
07/10/2009,9,2,30
03/04/2001,8,1,13
06/16/2001,4,23,14
05/11/2011,8,1,16
05/08/2009,27,7,28
09/02/2010,23,2,19
04/12/2013,16,28,16
10/13/2002,22,21,11
12/17/2012,30,15,23
04/28/2000,3,14,8
02/07/2006,22,28,22
01/28/2011,4,8,5
11/16/2005,26,19,29
03/02/2013,11,17,30
10/19/2001,15,16,18
04/07/2007,3,5,15
01/09/2014,14,18,11
07/01/2003,23,9,8
09/22/2013,5,18,16
05/04/2006,26,12,2
09/24/2011,5,1,2
07/28/2011,22,23,5
04/18/2014,3,2,16
01/19/2009,30,3,3
11/20/2011,4,23,20
08/11/2009,18,19,12
11/21/2010,30,2,4
02/12/2012,8,26,15
07/12/2010,27,12,15
03/02/2010,16,26,17
07/15/2007,5,22,20
02/08/2004,26,24,29
07/28/2005,16,13,14
02/04/2006,11,19,9
10/22/2012,26,7,18
10/15/2011,20,25,28
12/05/2008,6,16,29
11/09/2010,12,16,29
02/03/2002,15,30,17
09/13/2011,10,6,18
08/06/2005,8,7,13
09/04/2008,9,27,3
08/25/2013,29,13,8
05/22/2006,12,2,5
09/05/2013,30,1,6
08/05/2010,29,12,29
01/21/2013,20,15,22
07/05/2013,23,6,7
02/24/2008,22,28,11
03/08/2000,3,7,13
02/02/2012,8,16,19
10/02/2011,15,25,8
10/31/2005,9,30,27
02/24/2004,21,8,23
04/27/2005,12,13,7
09/02/2002,12,4,28
04/30/2001,1,29,16
10/21/2012,13,30,25
06/27/2006,13,1,28
03/05/2005,15,15,15
06/21/2011,24,8,1
05/03/2008,22,25,18
01/07/2013,6,30,29
06/15/2011,2,8,23
05/23/2007,24,30,4
10/13/2010,7,18,14
02/26/2006,8,11,8
10/04/2009,23,14,29
08/09/2010,9,13,27
02/28/2003,17,23,10
01/26/2000,16,6,11
08/30/2012,1,7,12
09/18/2006,9,11,20
05/03/2013,25,2,13
01/05/2002,29,27,8
09/13/2011,15,26,7
10/20/2005,16,13,14
03/04/2014,19,13,28
04/10/2009,14,2,14
12/14/2007,21,9,17
06/05/2012,29,10,15
10/03/2013,7,13,23
07/26/2003,7,4,6
07/28/2000,4,14,21
07/12/2012,19,29,8
02/01/2007,15,26,29
06/25/2005,9,25,14
08/31/2001,27,5,18
04/29/2009,27,1,28
09/21/2009,13,26,3
12/15/2007,24,6,20
08/16/2000,8,15,6
12/24/2009,16,12,12
03/08/2008,5,3,12
08/08/2010,16,8,5
08/25/2007,13,4,16
03/06/2010,16,6,28
03/12/2007,15,29,6
02/18/2002,18,10,23
02/08/2009,11,27,30
05/02/2011,4,11,13
05/19/2002,25,29,25
01/11/2013,20,23,7
09/03/2011,10,5,15
02/22/2004,30,23,16
12/21/2013,16,12,7
01/27/2009,12,22,18
10/14/2001,21,24,17
07/23/2011,4,5,1
08/10/2009,8,23,28
03/16/2008,2,18,24
09/06/2005,9,21,8
09/11/2006,19,1,29
06/08/2004,21,5,16
10/12/2006,13,13,22
05/26/2012,15,5,17
04/18/2003,8,2,11
10/14/2000,10,9,9
08/03/2013,23,7,12
04/20/2003,22,15,25
08/22/2009,2,14,19
04/25/2004,8,30,17
10/11/2011,5,1,25
05/13/2012,18,2,8
06/06/2004,10,11,17
01/21/2010,10,13,16
04/30/2003,8,17,20
10/02/2010,25,16,26
03/06/2000,22,12,11
12/17/2004,21,16,15
11/30/2010,21,29,6
10/24/2004,8,7,4
02/15/2010,30,7,20
09/08/2001,6,8,25
05/31/2001,30,3,24
02/04/2010,29,23,3
08/23/2008,10,11,6
09/19/2005,13,11,25
10/20/2004,26,9,17
02/20/2000,12,8,24
04/01/2008,13,14,11
06/17/2000,9,19,27
11/19/2007,7,19,4
11/12/2001,27,27,1
05/28/2004,11,28,29
12/18/2003,6,20,11
02/23/2013,29,2,27
05/05/2006,9,18,28
09/05/2006,22,8,13
06/07/2009,4,25,16
03/07/2007,13,26,19
09/22/2010,13,15,13
07/07/2011,11,11,2
03/20/2014,15,20,25
07/30/2011,25,25,18
11/27/2006,10,10,28
01/28/2002,25,12,20
04/30/2002,8,15,12
02/11/2008,10,29,25
06/20/2011,6,20,21
11/17/2011,1,11,14
09/27/2007,17,27,25
08/05/2006,19,21,3
09/25/2001,15,17,29
03/24/2005,9,28,11
01/20/2014,16,28,29
06/06/2001,5,6,12
02/23/2010,10,11,22
06/09/2004,14,6,14
04/08/2013,2,22,9
01/21/2007,29,11,10
05/03/2010,6,29,19
05/03/2005,29,1,13
12/29/2001,27,23,8
08/13/2006,10,20,22
05/04/2014,23,26,12
07/22/2009,16,25,19
01/18/2014,26,22,28
02/17/2003,11,8,1
10/20/2012,25,3,30
08/25/2013,12,20,4
09/04/2002,15,9,24
10/23/2010,22,12,20
06/02/2011,6,15,22
10/20/2012,7,25,1
01/10/2008,17,5,19
02/02/2000,1,17,15
12/20/2010,11,28,23
06/30/2008,18,29,15
09/14/2012,28,13,8
11/26/2009,25,4,9
07/30/2012,10,14,26
07/07/2000,22,14,8
08/11/2012,15,4,27
08/12/2006,5,28,14
11/22/2005,2,19,7
08/21/2002,11,14,30
06/28/2009,24,14,11
03/10/2003,30,1,5
05/29/2013,20,16,2
02/14/2006,17,30,8
02/12/2010,2,15,14
06/15/2007,4,6,5
01/13/2007,23,13,10
02/28/2013,22,1,19
04/13/2000,24,12,3
05/11/2003,7,24,29
01/09/2001,8,14,11
12/06/2008,10,17,1
07/03/2004,5,21,9
11/21/2001,25,12,18
05/09/2004,13,20,11
03/18/2003,20,22,9
04/05/2004,3,2,15
10/23/2005,19,10,26
07/19/2003,5,13,5
04/03/2011,29,7,3
10/25/2013,26,20,15
02/09/2007,17,17,7
07/30/2008,5,19,7
04/12/2001,23,20,20
03/09/2014,2,27,14
09/12/2005,15,6,10
01/01/2010,29,15,12
12/27/2000,7,17,26
10/21/2006,30,16,21
07/14/2001,23,22,2
10/23/2012,22,7,6
04/20/2007,12,2,26
03/05/2011,11,30,9
07/14/2010,6,1,8
08/21/2002,8,14,12
06/02/2006,14,25,28
11/21/2013,22,23,6
02/11/2005,15,22,21
02/02/2007,10,24,15
08/16/2007,3,29,2
03/13/2003,3,10,16
08/30/2013,30,29,28
07/11/2008,6,19,4
11/12/2012,11,10,14
08/18/2005,7,25,11
09/04/2008,9,28,12
01/20/2006,1,7,16
04/15/2014,25,19,29
12/20/2002,3,17,20
04/09/2005,22,28,8
03/29/2003,4,17,15
10/27/2000,24,5,25
04/07/2009,20,4,10
01/10/2007,22,26,24
02/08/2009,7,14,26
09/10/2006,5,3,4
04/26/2009,18,17,16
07/26/2000,21,15,19
10/02/2003,18,1,11
04/16/2003,29,7,23
12/13/2001,26,6,30
11/09/2010,12,5,15
12/12/2006,12,16,4
02/08/2014,11,21,23
10/22/2001,3,14,8
12/25/2009,14,18,4
09/12/2006,27,5,14
01/17/2012,14,4,3
02/16/2010,2,7,26
05/12/2014,16,5,6
07/20/2001,11,23,11
01/02/2007,11,14,26
06/05/2005,27,23,27
05/19/2011,30,11,10
02/17/2012,23,7,19
07/14/2013,25,11,28
11/03/2003,28,16,22
06/16/2007,9,11,16
12/21/2006,24,30,16
09/26/2001,12,6,20
04/06/2005,10,25,2
03/04/2013,6,23,18
05/14/2003,8,26,25
03/28/2012,22,21,23
03/23/2002,20,29,4
02/12/2004,9,10,2
11/26/2005,18,5,12
03/16/2007,12,11,26
03/04/2003,9,25,7
03/03/2009,3,10,24
02/26/2014,15,1,25
09/26/2004,4,28,6
09/28/2002,27,27,3
10/02/2008,18,25,10
10/18/2004,16,23,5
01/03/2001,3,17,5
12/15/2010,9,30,20
07/12/2002,4,11,30
06/20/2002,9,19,15
11/30/2004,29,21,20
03/04/2011,15,12,2
05/15/2012,9,23,19
09/11/2007,9,2,14
04/07/2011,11,5,16
01/05/2004,5,10,22
07/13/2002,8,1,4
09/29/2010,9,21,20
04/02/2010,28,4,1
03/22/2007,10,17,18
02/25/2005,13,3,6
08/27/2005,1,16,5
03/13/2010,21,24,19
10/08/2008,11,5,17
02/27/2011,28,25,20
08/02/2001,22,30,17
02/03/2003,16,2,6
06/28/2011,12,13,1
04/23/2008,9,15,19
03/05/2000,15,17,25
06/25/2001,27,3,22
09/21/2001,5,21,14
01/29/2007,21,8,3
07/11/2011,10,16,15
04/24/2012,24,22,6
03/04/2012,13,24,24
10/04/2005,6,13,9
04/13/2005,2,28,16
03/07/2004,12,7,15
05/09/2003,18,12,24
01/15/2004,4,11,30
10/31/2009,16,22,1
01/17/2004,29,17,8
10/13/2009,29,11,8
01/29/2004,1,8,25
07/18/2004,15,28,17
03/26/2011,15,8,12
11/01/2007,28,3,22
01/15/2004,24,26,3
10/31/2004,20,7,2
10/08/2001,11,5,23
03/03/2009,5,7,30
11/05/2004,28,16,30
01/31/2009,27,2,10
07/06/2007,29,3,30
09/27/2004,18,7,8
07/16/2010,14,3,4
08/18/2008,21,19,11
09/26/2010,1,12,8
11/01/2002,18,21,2
08/07/2010,4,19,19
01/12/2014,7,15,15
02/04/2007,8,6,2
09/28/2000,2,26,18
05/31/2002,16,9,12
10/20/2008,8,9,22
05/17/2002,28,10,28
05/22/2011,25,9,17
07/14/2011,14,12,4
09/15/2007,20,21,2
05/04/2000,9,21,25
12/05/2000,26,27,14
07/03/2002,12,30,29
04/24/2006,15,2,23
08/18/2007,27,14,1
12/04/2009,19,18,21
06/04/2009,7,4,20
12/14/2011,19,9,16
09/16/2006,19,10,9
07/19/2012,19,7,18
03/10/2008,21,14,10
12/22/2011,11,14,13
04/16/2002,20,29,7
03/19/2010,22,20,6
10/10/2008,24,15,19
09/07/2004,24,5,12
05/17/2003,30,12,20
11/19/2007,29,26,29
05/30/2011,12,14,23
12/15/2003,22,18,6
03/27/2011,2,14,26
04/03/2005,19,11,23
08/25/2006,1,19,21
05/16/2003,29,20,17
04/21/2009,13,6,29
11/14/2006,22,13,13
12/23/2005,15,17,1
04/20/2008,27,4,27
04/11/2002,29,30,25
07/27/2010,26,23,29
12/31/2002,23,29,20
03/14/2010,3,5,26
01/17/2013,16,6,6
01/31/2012,3,6,7
11/05/2012,16,12,22
01/30/2012,13,21,30
09/15/2000,4,15,1
08/19/2002,3,23,20
07/31/2012,27,16,27
06/28/2004,9,8,22
04/19/2012,16,30,26
10/23/2013,12,7,28
09/23/2011,1,29,5
07/23/2005,4,15,18
07/22/2007,2,15,1
10/10/2005,3,8,4
11/12/2011,20,8,28
07/09/2012,5,23,30
07/06/2001,18,24,25
08/02/2004,3,1,11
02/09/2014,23,21,21
07/17/2012,24,4,16
11/16/2002,26,24,14
09/08/2001,12,29,4
12/23/2011,18,17,17
09/03/2005,21,30,17
05/03/2005,16,13,28
05/30/2002,1,2,4
03/01/2011,20,15,15
01/04/2001,10,7,30
05/20/2010,25,22,18
03/31/2005,19,11,23
11/24/2000,12,8,10
02/04/2007,12,8,14
02/08/2004,15,26,8
06/12/2005,17,23,4
10/01/2012,25,15,8
09/01/2012,1,28,14
06/12/2006,10,22,6
11/30/2008,13,1,1
03/02/2008,23,15,9
11/20/2005,6,20,15
03/07/2005,26,9,8
05/02/2004,23,8,12
10/21/2011,3,9,14
05/02/2012,11,1,6
04/16/2013,13,1,30
08/15/2002,21,12,21
04/28/2000,19,2,9
05/11/2011,11,28,22
07/27/2005,25,7,10
03/03/2002,24,1,13
07/17/2002,1,5,1
08/02/2003,8,9,2
05/08/2002,27,18,5
02/21/2001,17,3,6
03/02/2005,19,18,16
05/25/2005,12,22,24
07/08/2010,13,2,24
10/18/2013,26,5,1
03/29/2000,15,16,15
02/15/2001,25,2,23
03/04/2006,17,9,12
01/17/2008,28,1,13
04/24/2001,5,25,1
10/25/2013,27,27,1
05/17/2012,8,2,2
09/02/2008,24,6,11
10/05/2012,25,8,23
03/14/2001,29,16,15
09/29/2013,8,25,14
03/01/2010,10,26,16
11/05/2009,10,14,11
07/25/2004,19,12,16
10/29/2009,20,4,17
03/07/2004,25,3,23
12/22/2006,24,26,5
02/10/2007,24,29,9
04/09/2001,8,22,9
03/16/2012,18,5,21
01/15/2000,13,23,26
08/23/2000,22,24,25
07/12/2006,30,13,16
11/17/2012,12,13,10
12/08/2010,11,20,24
02/25/2014,26,11,28
10/02/2007,8,5,24
06/24/2003,21,20,17
12/18/2000,22,5,15
06/26/2009,19,3,26
06/25/2006,18,30,5
03/26/2008,28,21,14
05/15/2009,22,1,3
03/07/2000,16,8,27
04/28/2013,7,5,19
02/06/2003,24,4,11
10/10/2002,1,9,11
01/04/2001,25,27,29
06/28/2007,1,13,16
01/09/2011,12,20,5
02/02/2013,28,28,12
06/15/2002,15,8,21
05/23/2012,27,30,9
05/29/2012,14,28,16
02/28/2011,12,11,9
07/27/2003,10,16,12
01/26/2004,23,30,1
03/06/2011,13,14,14
05/04/2012,4,7,8
05/19/2000,4,11,14
02/17/2010,26,17,29
09/10/2002,5,15,26
02/13/2004,5,14,12
11/13/2013,9,2,13
01/30/2013,29,22,8
06/23/2001,9,10,22
03/18/2010,3,15,1
07/17/2001,29,21,22
05/18/2008,15,24,23
05/01/2013,17,21,27
01/25/2004,3,16,11
03/21/2014,21,26,2
12/10/2012,6,17,13
07/18/2009,21,6,28
07/29/2008,21,10,17
10/15/2003,15,6,12
01/15/2006,12,24,2
06/23/2009,23,5,8
07/27/2009,27,10,7
05/05/2005,25,4,3
12/04/2005,4,21,22
02/05/2010,3,23,4
11/12/2013,10,1,22
05/06/2008,16,15,8
07/17/2012,18,26,3
09/24/2006,22,5,29
07/31/2007,25,29,5
08/19/2004,19,25,6
09/02/2002,15,24,6
01/21/2008,20,14,8
11/15/2003,25,2,11
05/07/2010,1,17,16
09/23/2008,5,25,27
11/17/2005,29,19,3
02/11/2006,30,9,9
05/24/2002,13,16,25
03/04/2008,29,16,2
11/17/2013,14,14,10
05/11/2002,23,30,15
06/19/2001,29,12,9
03/10/2000,1,26,29
07/20/2003,6,12,23
08/09/2013,26,1,5
03/30/2011,17,19,16
07/25/2000,16,29,7
12/19/2003,29,16,6
01/17/2012,14,26,24
09/09/2002,8,2,15
04/08/2007,14,12,5
12/18/2008,26,17,8
04/18/2008,13,28,11
03/23/2012,9,11,18
12/03/2005,7,30,4
03/02/2014,7,15,13
06/30/2001,28,23,20
10/02/2012,6,28,20
02/07/2014,7,6,5
08/31/2009,7,15,25
04/27/2000,16,19,30
02/09/2007,15,2,5
04/27/2002,6,3,14
06/27/2001,4,25,22
02/21/2005,3,10,25
03/05/2004,15,30,19
03/30/2001,18,1,23
04/11/2011,10,2,6
12/27/2008,29,14,2
09/21/2012,11,26,23
04/25/2014,3,21,3
09/30/2007,1,13,14
05/21/2009,13,24,21
05/12/2000,11,13,10
03/10/2011,7,17,5
08/27/2010,4,5,12
10/20/2000,23,20,2
10/29/2006,14,2,3
12/13/2011,13,12,1
06/27/2012,7,16,5
08/24/2004,5,15,21
05/02/2003,24,28,29
08/02/2013,16,5,5
09/02/2006,29,29,15
08/02/2001,8,26,7
08/13/2001,8,22,17
04/06/2013,19,7,14
01/01/2005,27,30,25
07/24/2001,30,19,28
08/12/2004,11,16,6
08/03/2005,13,18,19
12/01/2011,9,22,3
08/25/2006,28,26,2
11/17/2002,7,28,16
11/08/2003,4,28,27
12/12/2001,11,28,19
05/23/2010,5,6,8
01/07/2004,10,9,30
11/15/2004,5,24,19
05/28/2007,8,25,5
10/08/2004,2,20,4
05/29/2013,21,20,27
02/12/2006,1,6,26
09/05/2004,26,2,5
03/25/2007,28,29,19
01/29/2001,24,21,1
09/09/2004,8,3,2
08/30/2009,1,17,20
06/16/2004,18,20,3
04/08/2014,25,15,28
04/04/2006,21,8,5
05/10/2002,28,19,24
02/10/2005,21,15,21
01/25/2009,20,9,25
10/27/2012,15,11,11
03/14/2000,21,18,24
12/24/2002,19,6,28
06/17/2012,15,16,14
06/11/2006,13,2,1
05/25/2002,14,12,27
03/08/2006,27,4,6
03/28/2004,11,5,19
04/13/2010,27,10,10
03/11/2004,30,3,13
11/10/2000,5,2,8
09/21/2006,28,12,16
12/29/2001,9,23,2
11/09/2004,2,12,26
04/05/2004,20,27,2
03/27/2003,24,1,25
02/12/2008,23,9,13
02/09/2009,12,21,2
07/27/2009,13,27,18
07/09/2008,8,8,6
06/09/2010,15,1,17
01/03/2007,25,18,2
09/24/2011,2,3,24
11/24/2000,30,25,24
11/19/2001,19,10,13
09/03/2008,25,20,27
03/16/2008,26,3,8
07/18/2010,30,22,18
12/17/2009,10,6,30
02/17/2000,28,11,12
03/03/2004,4,15,10
02/01/2014,16,25,4
05/28/2010,24,12,21
10/31/2004,17,29,17
10/18/2013,27,2,4
09/14/2004,17,15,19
09/19/2000,14,8,17
02/01/2011,30,23,1
02/07/2001,2,20,15
04/20/2010,8,27,1
05/29/2011,17,9,3
03/03/2003,24,25,2
05/12/2013,1,12,3
10/16/2004,16,21,24
01/20/2006,9,10,11
02/24/2005,9,9,10
10/25/2007,13,26,19
06/16/2011,15,29,14
01/17/2002,8,7,25
09/06/2007,13,13,29
02/10/2007,14,14,13
08/02/2007,5,5,4
07/28/2004,13,16,1
05/13/2004,7,12,13
12/10/2012,11,25,14
10/25/2005,4,27,13
06/06/2008,4,17,12
12/13/2008,8,5,5
05/31/2013,8,4,21
12/03/2004,23,4,12
08/16/2012,24,3,11
10/01/2006,30,6,1
09/18/2003,9,19,10
10/06/2012,23,16,24
05/09/2010,7,16,29
02/04/2000,7,16,21
11/24/2012,16,22,23
03/27/2005,19,2,7
07/24/2011,26,24,19
09/27/2007,21,13,20
06/29/2008,13,22,3
10/01/2008,11,16,26
05/03/2010,7,24,20
03/23/2013,7,11,17
09/10/2003,16,28,7
05/26/2010,3,28,24
04/16/2005,20,27,12
08/30/2004,27,30,3
06/26/2002,13,12,16
10/10/2006,1,12,18
03/21/2001,21,8,4
05/28/2010,26,29,24
03/12/2005,10,13,17
06/14/2013,7,30,4
07/06/2007,5,20,9
12/02/2000,5,22,21
12/26/2012,24,5,23
07/11/2004,4,8,19
11/27/2001,21,11,29
02/15/2002,15,4,19
11/16/2008,14,16,6
12/07/2003,25,6,14
04/04/2013,30,1,11
08/26/2007,12,19,9
10/03/2007,26,4,22
04/08/2000,7,7,17
10/27/2001,17,3,1
01/14/2010,4,17,14
08/17/2013,24,4,25
09/02/2005,13,5,20
01/22/2012,8,2,27
09/17/2011,3,18,2
04/19/2000,11,7,11
08/15/2001,28,30,27
01/13/2009,30,10,17
09/07/2012,27,28,10
04/07/2012,18,23,18
05/03/2004,25,24,4
05/14/2003,30,7,2
12/06/2003,23,10,24
08/07/2005,12,29,12
01/19/2006,7,17,22
02/21/2014,12,25,1
07/24/2010,11,30,6
07/27/2009,22,14,13
04/22/2011,29,12,6
03/28/2009,23,17,22
11/20/2003,16,6,26
02/18/2011,14,23,5
04/02/2013,9,4,13
11/12/2004,24,10,29
03/08/2010,28,19,17
11/30/2010,21,8,29
10/14/2011,19,10,5
10/07/2011,22,22,6
11/08/2007,21,28,26
03/08/2002,12,3,27
10/14/2007,13,3,14
03/16/2001,11,24,22
01/19/2013,25,6,10
03/29/2014,29,11,8
12/13/2003,3,3,9
06/08/2009,10,24,18
01/17/2012,17,27,4
12/15/2006,11,7,22
01/12/2007,13,6,6
05/04/2009,6,24,15
09/03/2002,26,30,24
08/01/2011,1,13,16
01/02/2008,24,22,23
06/02/2012,20,19,21
09/09/2013,30,6,5
09/29/2009,21,15,10
11/26/2003,19,7,29
08/17/2005,13,4,19
07/24/2004,5,19,20
07/17/2003,21,18,30
06/01/2001,5,28,21
09/23/2006,24,16,16
01/01/2003,20,17,19
11/03/2013,14,26,28
06/26/2008,10,20,19
07/21/2007,30,16,1
09/23/2007,15,5,18
06/24/2005,18,20,3
09/16/2006,7,6,20
12/08/2012,19,7,13
04/06/2013,28,27,7
01/18/2004,20,5,6
01/08/2003,25,7,30
09/12/2013,25,1,4
07/26/2006,6,20,16
04/20/2012,14,20,29
10/09/2010,17,24,30
09/03/2012,3,22,7
07/28/2001,11,23,13
11/13/2012,9,22,9
11/11/2000,13,24,25
06/07/2009,2,11,18
04/22/2010,9,9,12
06/01/2008,11,28,25
02/19/2000,23,9,13
01/05/2014,8,5,9
06/26/2010,15,20,21
03/02/2002,10,8,19
10/18/2008,11,12,14
12/02/2008,11,29,8
04/11/2007,24,5,4
03/05/2011,30,26,23
07/23/2013,28,17,9
08/29/2005,18,7,7
01/28/2002,6,5,29
11/06/2004,24,28,14
01/25/2003,6,24,25
09/24/2003,19,15,28
05/23/2002,29,4,16
11/24/2004,12,5,27
10/09/2004,24,15,6
02/11/2000,6,17,18
06/01/2007,4,9,10
06/25/2010,8,30,18
08/08/2001,30,25,20
09/11/2013,5,11,14
07/28/2004,19,21,14
07/26/2012,29,3,24
06/27/2007,4,27,4
09/01/2012,16,29,16
08/06/2006,1,28,6
09/09/2011,6,12,6
09/12/2011,13,8,29
03/31/2004,15,3,11
06/13/2004,29,30,14
02/06/2008,27,13,19
02/14/2011,3,18,3
01/03/2012,20,24,30
04/05/2014,15,21,13
12/27/2010,24,1,3
11/27/2005,6,6,22
04/19/2005,12,19,16
03/22/2006,16,26,25
07/09/2011,13,28,18
02/17/2009,7,25,29
08/31/2005,10,5,17
04/17/2011,30,29,11
01/16/2013,23,21,7
04/08/2003,28,18,29
09/13/2006,22,10,19
03/01/2006,19,6,27
12/26/2000,26,1,27
01/26/2002,29,18,4
12/05/2002,20,29,5
02/08/2000,24,21,9
03/15/2003,10,9,20
08/30/2000,4,6,8
09/29/2013,9,18,10
09/14/2012,26,21,21
06/12/2011,27,19,21
04/21/2006,10,10,10
12/30/2009,10,12,15
12/26/2008,20,6,5
11/22/2008,4,14,25
09/17/2001,1,27,26
05/02/2000,21,17,17
01/09/2003,19,29,17
10/03/2005,5,20,7
09/26/2002,20,25,8
05/31/2009,24,17,26
09/29/2006,15,14,11
12/15/2005,8,7,19
04/12/2000,21,6,2
06/11/2011,21,13,6
05/27/2000,19,30,24
02/07/2001,20,20,9
10/11/2008,14,24,19
01/20/2007,2,13,23
02/06/2003,6,23,28
11/13/2000,16,2,15
06/20/2012,10,24,25
09/07/2001,2,27,24
10/07/2008,9,26,18
07/31/2002,21,23,10
01/25/2009,16,27,22
06/18/2005,30,26,15
09/25/2000,24,6,21
10/30/2000,13,24,6
01/07/2010,2,23,18
01/31/2011,2,26,1
09/22/2007,23,13,11
04/06/2007,11,6,17
02/16/2002,20,19,26
04/16/2008,22,20,23
01/17/2004,1,15,30
01/30/2011,30,25,6
11/03/2006,25,29,13
01/28/2014,11,24,7
10/12/2013,20,20,6
08/29/2011,14,10,14
11/27/2004,10,3,16
07/29/2003,12,30,5
10/03/2002,15,22,23
09/03/2009,11,7,29
12/22/2007,4,22,30
12/12/2008,28,27,11
05/08/2014,5,16,23
12/24/2007,26,18,19
08/01/2009,29,3,6
05/03/2011,28,26,29
01/14/2005,1,30,2
03/10/2007,27,1,8
11/27/2009,24,25,27
04/07/2005,24,5,28
04/21/2012,16,3,29
02/05/2002,25,11,29
08/03/2008,5,15,21
12/16/2009,7,10,4
11/04/2013,11,17,23
10/27/2004,23,17,17
11/23/2010,13,21,27
06/13/2000,10,22,18
03/31/2011,7,18,20
04/15/2013,13,22,1
04/01/2000,24,2,12
04/15/2013,17,28,24
12/25/2009,13,5,6
09/30/2012,17,7,12
02/25/2006,15,1,7
06/23/2002,10,27,18
10/16/2001,19,7,18
03/08/2010,15,2,14
04/08/2014,22,30,22
09/01/2004,29,19,10
04/30/2000,26,30,16
03/29/2003,13,20,4
06/21/2003,8,16,21
02/02/2007,11,30,16
05/13/2004,9,20,12
08/03/2011,8,25,19
05/24/2012,25,2,12
08/09/2005,12,4,25
04/25/2003,13,17,14
01/11/2012,20,13,2
03/03/2011,2,17,16
02/28/2011,21,30,9
07/04/2000,9,25,9
10/16/2006,21,24,5
10/14/2011,10,6,8
09/13/2008,13,26,2
08/10/2002,7,11,9
11/19/2007,13,2,29
11/09/2013,1,7,28
01/20/2003,2,20,8
01/26/2000,16,8,15
02/13/2008,2,24,28
04/17/2001,28,13,4
05/31/2012,20,14,23
02/14/2003,9,24,15
07/16/2007,1,25,22
04/05/2011,16,4,1
09/04/2008,28,4,3
03/14/2012,4,9,12
12/01/2002,14,28,14
10/04/2012,10,25,22
04/22/2012,27,17,28
09/11/2010,3,30,4
01/10/2012,6,27,19
04/25/2003,16,12,9
02/06/2003,26,27,21
02/29/2008,13,10,29
09/12/2006,13,29,18
07/11/2012,17,10,16
08/07/2012,10,14,20
02/24/2010,6,11,20
12/01/2006,10,1,17
01/26/2000,15,27,17
11/21/2010,18,23,15
08/07/2007,14,4,23
04/15/2008,18,5,26
05/01/2008,17,28,28
04/18/2000,8,8,23
03/13/2012,16,30,13
06/01/2001,30,12,19
09/17/2012,20,12,24
02/02/2007,9,23,24
12/14/2006,5,24,7
11/09/2012,26,23,23
12/29/2003,11,5,23
12/23/2013,1,16,19
11/28/2002,1,1,20
05/01/2010,18,15,22
08/27/2013,29,27,24
05/29/2000,4,17,18
07/24/2004,7,16,6
06/19/2003,2,27,7
10/15/2010,22,26,7
06/03/2013,28,13,27
12/12/2010,30,7,21
09/15/2012,5,16,1
02/25/2006,12,5,27
05/04/2008,28,28,11
06/05/2009,10,12,27
12/13/2013,8,8,1
05/05/2012,25,30,4
02/08/2011,22,15,8
02/19/2005,19,16,23
10/26/2000,16,1,27
03/16/2012,12,13,22
04/30/2005,29,27,23
04/19/2011,25,1,7
03/22/2011,12,23,3
11/12/2012,4,27,11
03/04/2002,6,1,23
12/06/2002,15,27,16
11/09/2010,28,29,6
08/15/2011,3,15,23
03/25/2006,30,24,30
05/24/2010,9,3,21
09/04/2007,16,28,6
12/23/2008,25,7,21
12/26/2003,25,5,5
01/14/2005,21,26,26
12/02/2010,4,26,14
02/15/2008,29,6,16
06/19/2001,11,30,17
06/18/2007,18,27,25
05/21/2009,24,3,5
03/13/2000,16,1,14
10/14/2012,8,29,18
03/01/2001,8,23,12
04/12/2011,29,17,30
02/25/2008,7,24,29
02/06/2008,21,29,10
04/06/2012,7,2,26
03/08/2006,1,23,30
12/28/2004,27,12,22
05/14/2007,2,28,28
07/31/2009,25,14,14
04/24/2000,21,30,25
09/24/2000,19,15,22
01/01/2002,14,5,5
02/28/2013,3,5,2
08/17/2013,5,30,25
04/05/2014,17,7,28
12/17/2003,11,10,23
04/16/2003,2,22,4
11/04/2013,16,19,26
02/14/2008,17,28,12
02/01/2003,3,5,19
01/13/2008,28,30,23
01/03/2003,19,26,6
12/20/2013,5,22,23
09/08/2006,13,24,28
04/28/2014,2,5,18
05/24/2008,20,27,28
11/15/2009,20,9,20
11/18/2002,1,24,20
05/11/2001,10,13,27
02/03/2005,23,4,8
04/12/2013,19,30,7
11/01/2009,23,7,3
11/12/2008,11,24,3
09/02/2010,29,8,8
09/17/2007,18,30,24
01/07/2004,28,18,1
11/22/2009,3,25,9
04/27/2012,28,15,22
10/09/2008,14,8,2
03/04/2009,10,25,6
09/07/2000,5,17,17
08/27/2006,17,17,11
02/06/2000,30,13,13
07/24/2008,7,27,24
08/17/2006,3,17,25
06/07/2010,19,5,8
05/08/2013,18,17,2
04/24/2008,12,25,24
08/18/2006,7,13,9
04/23/2010,5,6,7
11/26/2004,7,8,25
11/28/2001,6,20,15
01/26/2003,1,26,20
07/23/2004,28,9,9
11/22/2002,7,17,18
03/01/2013,6,21,22
03/22/2003,12,7,5
05/09/2003,22,27,5
01/28/2009,7,12,8
05/18/2004,11,9,28
07/16/2006,4,17,27
01/03/2009,11,3,9
12/15/2009,9,23,20
07/05/2009,29,6,26
07/30/2006,21,26,20
08/11/2013,19,3,14
05/11/2005,18,28,21
02/13/2001,25,29,11
05/11/2009,24,12,6
11/02/2006,23,8,14
07/03/2007,24,3,21
02/02/2007,18,5,28
12/24/2013,30,30,29
07/25/2011,17,5,7
10/24/2010,12,30,3
03/29/2000,7,24,27
04/24/2000,9,10,9
01/18/2010,21,6,3
03/31/2001,25,13,14
08/14/2011,2,24,22
11/12/2011,4,12,8
09/07/2007,9,21,15
03/17/2009,20,1,16
09/01/2007,19,19,4
03/28/2010,5,8,26
07/21/2010,19,4,19
02/23/2005,6,23,27
01/07/2014,5,10,2
02/28/2005,25,5,14
02/03/2009,14,4,27
06/13/2001,3,13,25
11/10/2011,1,10,17
02/18/2009,14,2,5
01/09/2007,10,17,12
04/20/2002,27,25,22
09/27/2005,9,16,20
11/25/2009,15,27,20
11/14/2005,10,1,3
01/05/2002,28,27,27
09/30/2001,25,18,30
02/10/2003,23,30,17
09/24/2000,20,26,16
12/09/2002,8,13,26
09/21/2003,12,22,1
03/26/2000,4,17,27
06/02/2000,4,5,5
10/09/2000,29,5,12
05/22/2005,26,13,10
02/12/2009,6,17,11
06/21/2009,26,19,20
06/27/2010,9,10,18
05/21/2003,13,19,24
01/02/2013,8,30,9
11/09/2005,11,27,2
10/04/2000,30,5,8
08/27/2000,1,30,14
01/05/2006,17,28,1
05/09/2001,7,10,14
12/09/2003,2,24,21
09/13/2009,10,6,30
11/08/2004,10,29,24
02/07/2001,24,20,29
06/07/2012,27,16,29
09/19/2004,11,15,15
09/10/2001,26,6,23
04/14/2011,18,30,28
04/22/2001,6,14,4
04/06/2007,9,1,3
03/09/2000,12,30,9
10/03/2009,26,11,27
04/18/2011,17,30,12
07/23/2011,26,17,10
09/02/2004,18,4,24
02/22/2011,6,2,29
10/21/2012,27,28,5
12/09/2003,8,5,29
12/22/2008,14,21,24
12/29/2006,11,5,25
05/11/2010,2,11,4
10/13/2010,10,30,26
03/09/2012,7,22,28
07/04/2000,17,19,6
09/11/2009,6,26,9
04/03/2007,22,23,13
09/13/2004,5,30,7
08/09/2007,8,8,3
08/21/2008,25,17,4
11/08/2001,10,26,17
03/14/2002,24,22,26
05/27/2005,9,30,30
03/11/2013,20,25,22
12/17/2010,29,11,19
06/25/2012,2,10,28
07/19/2007,4,21,16
08/29/2006,2,14,17
08/08/2011,1,27,9
06/08/2006,6,21,6
10/02/2013,6,29,19
06/05/2007,27,24,8
04/26/2008,3,18,8
05/08/2006,18,16,11
05/03/2014,11,13,5
11/06/2006,7,28,3
07/02/2005,6,6,21
04/02/2008,1,1,30
09/26/2005,15,1,26
08/10/2006,28,20,14
04/27/2008,25,14,8
01/07/2013,25,12,16
09/15/2011,18,25,20
03/04/2006,21,25,1
02/11/2002,21,11,7
04/28/2006,26,4,28
03/25/2001,10,7,24
11/12/2003,11,25,13
06/13/2002,30,6,23
11/15/2012,21,17,16
02/26/2014,18,22,8
09/28/2004,1,8,11
03/26/2013,16,27,22
10/03/2004,27,25,22
10/30/2008,17,20,17
01/16/2010,25,2,28
04/18/2002,15,7,27
11/14/2012,8,19,1
05/30/2012,28,8,23
05/03/2011,11,12,13
02/16/2012,27,2,4
01/29/2008,23,16,5
03/12/2011,9,17,18
05/10/2002,21,18,11
10/09/2005,6,4,13
08/14/2001,6,28,4
04/03/2012,23,30,8
07/10/2012,6,27,9
11/21/2013,10,20,11
01/14/2001,11,29,28
11/16/2011,14,7,1
02/28/2008,10,22,27
12/26/2003,22,19,23
01/15/2005,6,26,12
07/07/2013,28,27,1
08/14/2008,3,16,17
09/07/2013,1,2,29
11/27/2000,17,29,28
12/28/2009,13,5,10
11/26/2006,27,6,11
12/31/2010,30,16,3
04/18/2002,29,18,24
10/09/2005,22,29,21
10/26/2003,9,18,16
05/03/2002,3,1,24
07/01/2002,8,30,14
04/27/2014,4,24,9
05/05/2011,9,30,27
01/16/2001,17,26,6
01/18/2010,23,19,12
09/20/2004,29,19,18
12/21/2012,22,6,24
03/26/2014,27,28,16
05/09/2004,9,8,14
02/06/2014,2,1,25
08/25/2010,8,3,24
03/03/2000,2,27,27
01/14/2003,24,21,23
12/29/2011,4,1,9
03/29/2002,20,19,29
08/11/2001,28,23,11
04/24/2000,25,5,20
01/23/2007,4,18,2
12/07/2001,17,4,12
08/23/2008,7,15,17
10/03/2008,18,25,9
03/12/2005,19,29,16
11/11/2000,28,16,13
07/28/2004,14,8,3
05/27/2005,25,18,16
03/15/2011,24,23,27
05/29/2003,3,3,4
04/21/2010,12,25,25
12/01/2008,30,28,10
10/03/2000,2,25,23
12/28/2004,25,26,23
10/26/2002,13,25,9
11/15/2005,3,27,10
04/07/2013,8,15,11
06/29/2002,24,1,21
01/11/2001,2,18,1
11/17/2005,19,15,1
05/11/2007,5,13,5
11/27/2008,17,17,24
07/09/2011,5,11,2
09/28/2007,10,20,6
10/16/2005,25,12,25
08/06/2011,25,26,27
06/13/2010,10,6,22
02/26/2009,20,9,4
01/05/2004,26,6,24
04/28/2011,5,8,7
07/18/2000,19,8,10
03/03/2009,21,25,26
04/07/2005,24,30,17
04/14/2009,5,25,13
02/23/2010,13,29,27
10/05/2002,6,9,2
10/27/2008,24,18,7
09/01/2005,3,28,18
04/26/2010,15,25,15
07/15/2013,16,29,14
02/12/2006,4,18,15
12/18/2001,5,6,4
07/11/2006,3,1,8
07/20/2005,19,17,20
04/26/2001,6,14,7
10/30/2012,26,26,7
04/29/2008,12,1,9
06/12/2011,11,8,22
12/22/2010,18,25,30
03/30/2005,30,11,24
11/12/2011,24,22,26
12/10/2004,29,20,28
05/12/2009,13,15,5
06/03/2012,28,11,23
11/08/2007,7,12,1
01/30/2009,7,15,2
06/22/2011,5,18,23
04/09/2008,20,8,4
09/21/2006,8,2,21
02/23/2008,18,17,9
07/09/2008,24,14,8
07/26/2008,1,15,16
10/14/2011,24,15,8
11/23/2007,15,12,12
07/02/2004,1,11,16
07/16/2010,20,17,11
05/05/2010,13,7,3
06/24/2002,13,28,7
07/01/2010,1,8,2
06/23/2008,14,7,12
05/06/2005,4,11,27
03/20/2012,2,24,16
07/22/2005,22,3,21
11/05/2009,20,6,7
06/06/2008,13,20,21
09/09/2004,9,11,1
06/09/2008,29,6,19
12/20/2002,19,5,2
10/03/2009,28,9,16
07/22/2001,4,4,4
03/01/2012,7,22,7
08/12/2004,13,30,12
10/08/2008,10,15,12
03/18/2009,8,19,25
01/20/2004,25,24,1
11/21/2009,13,29,3
04/06/2008,9,25,1
04/02/2010,9,21,17
12/14/2002,22,8,13
08/02/2012,2,6,21
01/06/2003,9,22,15
09/07/2005,28,14,27
04/08/2014,27,20,26
01/07/2001,28,19,6
03/08/2004,25,11,7
10/12/2003,22,9,21
01/19/2013,7,4,19
01/26/2014,30,23,25
08/29/2012,4,10,14
03/02/2011,16,24,15
12/31/2011,22,18,2
11/05/2012,20,4,14
10/07/2009,15,17,13
10/29/2007,27,7,13
05/05/2000,28,18,24
08/17/2003,8,2,27
06/15/2001,4,30,3
11/20/2011,29,30,20
01/02/2007,17,25,17
10/05/2000,30,14,27
07/30/2003,10,19,20
03/16/2006,7,2,2
01/21/2011,16,7,25
11/15/2000,16,18,23
06/26/2009,23,26,3
04/29/2012,26,11,19
10/30/2004,19,1,8
02/05/2000,19,17,30
10/06/2000,6,25,12
10/01/2011,12,12,6
04/23/2007,17,5,12
10/04/2005,26,20,17
10/19/2006,2,23,16
01/14/2011,29,25,12
12/22/2013,5,7,10
02/20/2013,18,17,18
05/03/2006,27,5,27
02/04/2012,16,25,8
11/18/2004,19,9,5
02/22/2003,22,25,7
09/22/2004,13,7,24
02/24/2005,9,30,29
02/02/2014,6,19,30
12/14/2008,23,18,11
11/24/2009,27,4,6
11/16/2013,14,15,14
07/25/2002,1,20,21
11/01/2006,7,2,15
03/27/2007,12,13,2
12/09/2007,7,23,30
10/15/2008,23,23,24
10/07/2000,25,9,7
10/23/2011,5,3,2
10/19/2007,2,3,1
07/17/2006,4,4,19
04/08/2006,2,2,10
08/18/2003,3,28,22
08/30/2003,26,24,26
09/06/2005,16,30,1
11/25/2008,28,14,17
06/14/2004,18,18,23
02/22/2013,18,11,17
12/20/2008,30,20,23
02/08/2001,16,25,29
04/25/2003,11,17,13
01/04/2013,3,22,2
12/20/2008,12,19,11
12/28/2001,29,8,8
05/22/2004,28,29,23
10/21/2001,10,7,23
02/10/2000,23,5,25
02/02/2006,9,22,26
06/11/2012,1,9,25
10/31/2009,30,20,14
08/19/2013,11,14,30
11/25/2004,18,21,9
11/01/2007,30,16,11
07/30/2013,5,16,4
09/26/2009,20,14,3
12/05/2007,14,24,14
08/24/2008,11,1,4
06/11/2006,7,9,23
01/02/2008,19,2,5
08/09/2009,24,12,25
01/10/2010,19,5,15
07/17/2009,14,6,18
12/15/2009,3,17,8
06/14/2006,18,2,15
10/12/2012,23,16,22
05/29/2012,18,27,2
06/20/2008,18,25,23
07/25/2004,16,5,17
07/25/2006,7,25,7
03/06/2006,6,28,4
02/28/2004,27,17,20
06/07/2007,7,20,4
08/21/2007,8,1,9
04/21/2002,30,22,19
11/03/2013,20,8,10
07/13/2006,13,17,26
11/17/2004,14,1,15
10/31/2002,24,25,5
11/18/2008,15,6,27
04/10/2002,25,14,18
02/06/2008,4,27,18
04/11/2012,12,24,13
10/08/2006,7,25,18
10/30/2010,5,5,25
10/16/2011,9,21,27
07/22/2009,15,20,26
04/20/2004,6,17,15
09/19/2007,2,3,22
11/20/2008,10,23,11
05/29/2010,20,4,17
06/09/2011,9,13,23
03/01/2000,9,27,10
03/26/2014,3,2,17
07/28/2009,6,4,22
12/02/2004,9,30,14
10/21/2010,9,19,1
06/02/2000,4,5,21
05/14/2001,6,3,16
07/26/2008,23,4,7
10/10/2008,7,5,1
06/17/2005,18,7,13
05/30/2011,4,17,9
10/09/2007,9,28,17
12/04/2007,28,25,18
08/16/2006,5,17,7
05/08/2005,25,19,3
02/24/2012,21,25,15
10/14/2006,7,29,4
09/06/2005,23,26,9
01/09/2008,5,16,18
05/02/2010,6,14,3
06/12/2007,3,28,16
08/05/2003,18,12,27
06/29/2005,4,30,20
09/24/2010,22,24,7
07/11/2006,28,26,1
08/01/2012,29,1,13
02/03/2003,8,28,30
07/23/2009,22,23,4
05/31/2002,18,8,12
10/17/2011,22,8,4
09/16/2000,21,11,3
04/11/2002,20,19,15
01/04/2013,3,19,7
04/23/2001,29,19,14
10/04/2002,13,8,11
10/13/2003,23,16,23
07/24/2000,27,12,6
05/19/2006,29,9,20
12/21/2005,3,8,17
07/29/2005,18,10,2
04/24/2013,22,5,23
04/22/2002,14,5,28
02/05/2006,12,30,22
10/06/2004,9,20,25
12/22/2009,20,25,30
06/21/2010,10,16,20
08/02/2007,12,11,7
12/10/2000,22,21,16
02/16/2007,2,4,21
12/17/2008,24,17,30
10/01/2007,4,23,28
07/13/2011,6,1,13
05/23/2013,30,19,9
06/29/2011,1,24,9
02/25/2002,23,11,25
01/01/2009,10,4,10
06/21/2004,4,18,18
11/10/2007,1,15,13
04/06/2013,15,29,19
11/21/2013,21,30,25
02/22/2003,14,21,17
05/23/2010,8,23,9
11/27/2012,12,18,30
04/12/2010,23,5,28
08/28/2005,16,13,4
05/14/2005,7,30,25
10/17/2013,28,24,11
05/21/2007,5,2,27
02/14/2008,24,7,23
08/28/2007,3,28,9
11/27/2002,4,15,14
08/30/2005,20,13,21
10/07/2007,23,9,27
01/22/2006,3,9,7
12/04/2000,12,1,6
03/08/2001,23,4,8
06/20/2013,21,12,14
06/24/2006,15,3,9
06/28/2002,16,27,23
03/02/2007,15,8,12
05/24/2006,3,5,9
01/04/2001,25,18,19
06/30/2002,19,23,4
02/24/2003,16,17,11
09/24/2013,5,14,9
01/24/2002,21,22,22
09/26/2003,25,4,1